City_ID,City,Country,Lat,Lng,Max Temp,Humidity,Cloudiness,Wind Speed,Current Description
0,San Luis,AR,-33.295,-66.3356,65.7,48,37,19.55,scattered clouds
1,Jamestown,US,42.097,-79.2353,65.52,94,90,8.05,overcast clouds
2,Upernavik,GL,72.7868,-56.1549,33.87,73,19,6.6,few clouds
3,Castro,BR,-24.7911,-50.0119,69.67,66,18,2.21,few clouds
4,Victoria,HK,22.2855,114.1577,87.33,81,94,1.01,overcast clouds
5,Ushuaia,AR,-54.8,-68.3,28.06,86,0,4.61,clear sky
6,Tautira,PF,-17.7333,-149.15,78.82,82,56,13.78,light rain
7,Nikolskoye,RU,59.7035,30.7861,71.8,47,95,8.23,overcast clouds
8,Tukrah,LY,32.5341,20.5791,76.98,45,0,20.67,clear sky
9,Carnarvon,AU,-24.8667,113.6333,59.07,82,100,10.36,overcast clouds
10,Pareora,NZ,-44.4871,171.2132,43.18,97,100,4.0,overcast clouds
11,Dunedin,NZ,-45.8742,170.5036,51.8,69,100,11.99,moderate rain
12,Prince Rupert,CA,54.3161,-130.3201,51.49,84,90,5.75,light rain
13,Iisalmi,FI,63.5592,27.1907,73.42,33,100,5.61,overcast clouds
14,Beyneu,KZ,45.3167,55.2,91.47,28,0,21.92,clear sky
15,Port Alfred,ZA,-33.5906,26.891,61.45,57,93,9.62,overcast clouds
16,Turmalina,BR,-17.2856,-42.73,80.82,40,99,4.18,overcast clouds
17,Vaitape,PF,-16.5167,-151.75,80.33,77,21,5.14,light rain
18,Bluff,NZ,-46.6,168.3333,49.8,85,95,10.38,overcast clouds
19,Ilulissat,GL,69.2167,-51.1,46.42,49,20,1.14,few clouds
20,Vaini,TO,-21.2,-175.2,71.76,78,75,0.0,broken clouds
21,Saint George,US,37.1041,-113.5841,83.35,19,1,5.75,clear sky
22,Nantucket,US,41.2835,-70.0995,64.08,100,90,6.91,fog
23,Georgetown,MY,5.4112,100.3354,82.33,87,20,5.99,few clouds
24,Tuktoyaktuk,CA,69.4541,-133.0374,33.8,93,90,9.22,overcast clouds
25,Souillac,MU,-20.5167,57.5167,77.38,69,75,19.13,broken clouds
26,Stornoway,GB,58.2093,-6.3865,62.92,63,40,6.91,scattered clouds
27,Port Blair,IN,11.6667,92.75,84.24,79,40,1.14,scattered clouds
28,Emet,TR,39.343,29.2585,60.64,54,84,12.28,broken clouds
29,Ponta Do Sol,PT,32.6667,-17.1,70.43,62,94,5.75,overcast clouds
30,Punta Arenas,CL,-53.15,-70.9167,35.71,75,90,8.03,light rain
31,Nome,US,64.5011,-165.4064,33.87,75,90,13.8,overcast clouds
32,Kapaa,US,22.0752,-159.319,75.52,84,75,1.01,moderate rain
33,Hobart,AU,-42.8794,147.3294,54.27,72,75,1.99,light rain
34,Sumenep,ID,-7.0167,113.8667,80.87,84,100,10.13,overcast clouds
35,Ribeira Grande,PT,38.5167,-28.7,66.6,59,20,9.22,few clouds
36,Aswan,EG,24.0934,32.907,103.59,8,1,18.28,clear sky
37,Mar Del Plata,AR,-38.0023,-57.5575,53.1,67,0,8.99,light rain
38,Gat,IL,31.61,34.7642,82.4,47,3,15.73,clear sky
39,Lieksa,FI,63.3167,30.0167,66.97,42,19,4.38,few clouds
40,Busselton,AU,-33.65,115.3333,54.09,78,0,1.54,clear sky
41,Hirara,JP,24.8,125.2833,82.67,92,14,17.38,few clouds
42,Inhambane,MZ,-23.865,35.3833,75.18,60,40,7.0,scattered clouds
43,Port Hedland,AU,-20.3167,118.5667,66.25,72,75,5.75,light rain
44,Rikitea,PF,-23.1203,-134.9692,72.41,63,100,11.92,overcast clouds
45,Atuona,PF,-9.8,-139.0333,78.58,82,59,18.45,light rain
46,Bilibino,RU,68.0546,166.4372,45.27,47,89,5.88,overcast clouds
47,Moose Factory,CA,51.2585,-80.6094,66.2,59,1,11.5,clear sky
48,Waipawa,NZ,-41.4122,175.5153,53.02,89,4,4.21,clear sky
49,Kloulklubed,PW,7.0419,134.2556,79.3,76,39,6.46,scattered clouds
50,Avarua,CK,-21.2078,-159.775,68.05,100,62,2.3,light rain
51,Asfi,MA,32.2994,-9.2372,68.7,69,100,20.83,overcast clouds
52,Yellowknife,CA,62.456,-114.3525,52.32,76,75,3.0,light rain
53,Butaritari,KI,3.0707,172.7902,82.54,78,100,13.89,light rain
54,Dukat,RU,62.55,155.55,40.71,71,100,4.14,overcast clouds
55,Amga,RU,60.8953,131.9608,54.93,67,24,1.14,few clouds
56,Saint-Pierre,RE,-21.3393,55.4781,76.68,72,35,19.57,light rain
57,Albany,US,42.6001,-73.9662,66.78,87,100,1.01,overcast clouds
58,Champerico,GT,14.3,-91.9167,84.34,78,62,6.11,broken clouds
59,Yamada,JP,39.4667,141.95,61.75,93,100,13.78,overcast clouds
60,Pyapon,MM,16.2833,95.6833,87.66,61,66,10.78,broken clouds
61,Bowen,AU,-20.0167,148.2333,64.62,85,13,3.65,few clouds
62,Taoudenni,ML,22.6783,-3.9836,115.09,7,61,13.0,broken clouds
63,Bagan,RU,54.1001,77.6646,65.46,50,23,8.99,few clouds
64,Jablah,SY,35.3614,35.9256,77.29,53,20,9.22,few clouds
65,Victoria Point,AU,-27.5833,153.3,63.18,96,49,1.99,scattered clouds
66,Saldanha,ZA,-33.0117,17.9442,65.41,51,1,6.15,clear sky
67,Port Hardy,CA,50.6996,-127.4199,50.18,87,90,3.44,overcast clouds
68,Nouadhibou,MR,20.931,-17.0347,80.58,54,40,23.02,scattered clouds
69,Hithadhoo,MV,-0.6,73.0833,82.9,75,95,14.5,overcast clouds
70,Inirida,CO,3.8653,-67.9239,83.61,71,88,2.06,overcast clouds
71,Mataura,NZ,-46.1927,168.8643,49.48,93,97,3.11,overcast clouds
72,Provideniya,RU,64.3833,-173.3,31.1,72,62,3.29,broken clouds
73,New Norfolk,AU,-42.7826,147.0587,53.92,68,100,5.59,light rain
74,Lompoc,US,34.6391,-120.4579,56.57,90,90,0.0,mist
75,Lagos,NG,6.5833,3.75,90.75,56,28,10.09,scattered clouds
76,Woodward,US,36.4337,-99.3904,70.93,85,1,6.62,clear sky
77,Khatanga,RU,71.9667,102.5,34.18,89,100,9.69,overcast clouds
78,Longyearbyen,SJ,78.2186,15.6401,35.44,75,40,13.8,scattered clouds
79,Chuy,UY,-33.6971,-53.4616,54.82,58,67,4.99,broken clouds
80,Farafangana,MG,-22.8167,47.8333,73.63,84,18,8.23,light rain
81,Dingle,PH,10.9995,122.6711,78.26,90,26,2.1,light rain
82,Salalah,OM,17.0151,54.0924,86.09,70,20,12.66,few clouds
83,Ewa Beach,US,21.3156,-158.0072,76.98,71,1,5.01,clear sky
84,Jalgaon,IN,21.0167,75.5667,90.0,45,46,11.68,scattered clouds
85,Lebu,CL,-37.6167,-73.65,56.82,97,100,9.55,overcast clouds
86,Lorengau,PG,-2.0226,147.2712,79.5,78,100,2.33,overcast clouds
87,Hermanus,ZA,-34.4187,19.2345,66.79,61,1,11.72,clear sky
88,Kununurra,AU,-15.7667,128.7333,69.78,78,6,3.44,clear sky
89,Morbach,DE,49.8167,7.1167,76.05,68,40,4.9,light rain
90,Kodiak,US,57.79,-152.4072,45.91,87,90,0.0,light rain
91,Arrecife,ES,28.963,-13.5477,75.27,60,75,23.02,broken clouds
92,Keita,NE,14.7551,5.7749,105.8,10,2,3.13,clear sky
93,Nelson Bay,AU,-32.7167,152.15,57.78,95,63,1.01,broken clouds
94,Pevek,RU,69.7008,170.3133,27.68,81,11,4.14,few clouds
95,Roma,US,43.2128,-75.4557,68.95,92,90,8.05,overcast clouds
96,Lagoa,PT,39.05,-27.9833,60.67,67,99,10.47,overcast clouds
97,Bafq,IR,31.6128,55.4107,108.14,5,0,3.11,clear sky
98,Chokurdakh,RU,70.6333,147.9167,63.84,28,100,14.18,overcast clouds
99,Touba,CI,8.2833,-7.6833,95.2,34,100,5.75,overcast clouds
100,Luanda,AO,-8.8368,13.2343,82.4,74,20,9.22,few clouds
101,Ciudad Bolivar,VE,8.1222,-63.5497,85.57,57,100,8.32,overcast clouds
102,Iztapa,GT,13.9333,-90.7075,77.05,100,90,0.72,overcast clouds
103,Beira,MZ,-19.8436,34.8389,75.29,78,40,8.01,scattered clouds
104,Lagoa Vermelha,BR,-28.2086,-51.5258,63.09,78,21,2.48,few clouds
105,Tasiilaq,GL,65.6145,-37.6368,36.99,76,77,4.23,broken clouds
106,Jashpurnagar,IN,22.9,84.15,83.39,49,99,2.15,overcast clouds
107,Pisco,PE,-13.7,-76.2167,64.45,77,90,4.61,overcast clouds
108,Gulbene,LV,57.1777,26.7529,64.6,59,100,5.23,overcast clouds
109,Port Macquarie,AU,-31.4333,152.9167,53.56,100,40,0.0,scattered clouds
110,Puerto Ayora,EC,-0.7393,-90.3518,73.54,89,96,4.0,overcast clouds
111,Ketchikan,US,55.3422,-131.6461,48.67,87,90,6.91,overcast clouds
112,Mayor Pablo Lagerenza,PY,-19.9309,-60.7718,85.03,46,27,7.47,scattered clouds
113,Cape Town,ZA,-33.9258,18.4232,72.1,45,0,1.99,clear sky
114,Kavieng,PG,-2.5744,150.7967,81.77,79,100,4.61,light rain
115,Kaitangata,NZ,-46.2817,169.8464,46.92,77,100,4.25,overcast clouds
116,Isangel,VU,-19.55,169.2667,71.13,73,28,6.78,scattered clouds
117,Hilo,US,19.7297,-155.09,72.81,83,90,6.91,overcast clouds
118,Ipanema,BR,-30.1391,-51.2244,63.27,91,40,3.15,mist
119,Usinsk,RU,65.9939,57.5281,52.14,51,96,13.73,overcast clouds
120,Muros,ES,42.7762,-9.0603,69.15,51,12,19.3,few clouds
121,Mahebourg,MU,-20.4081,57.7,77.29,69,75,13.8,broken clouds
122,Klaksvik,FO,62.2266,-6.589,56.32,92,95,18.19,overcast clouds
123,Khingansk,RU,49.1167,131.1833,47.59,96,100,8.72,moderate rain
124,Vanimo,PG,-2.6741,141.3028,78.64,85,85,1.1,overcast clouds
125,Yola,NG,9.2,12.4833,105.22,23,40,4.07,scattered clouds
126,Deputatskiy,RU,69.3,139.9,56.5,53,100,3.04,overcast clouds
127,Viedma,AR,-40.8135,-62.9967,46.65,81,100,9.46,overcast clouds
128,Arlit,NE,18.7369,7.3853,111.81,4,3,5.95,clear sky
129,Bethel,US,41.3712,-73.414,65.3,89,90,5.75,light rain
130,Rosh Pinna,IL,32.9689,35.5426,74.61,31,0,12.37,clear sky
131,Sadiqabad,PK,28.3062,70.1307,104.25,20,62,2.13,broken clouds
132,Ancud,CL,-41.8697,-73.8203,55.22,92,100,22.75,light rain
133,Villaviciosa,ES,43.4813,-5.4357,60.01,82,100,2.98,overcast clouds
134,Maldonado,UY,-34.6667,-54.9167,55.22,62,69,5.21,broken clouds
135,Olafsvik,IS,64.8945,-23.7142,46.11,76,100,13.13,light rain
136,Altamira,BR,-3.2033,-52.2064,84.29,79,75,5.75,broken clouds
137,Cockburn Town,TC,21.4612,-71.1419,79.48,78,73,19.1,broken clouds
138,Flinders,AU,-34.5833,150.8552,56.17,93,100,1.01,overcast clouds
139,Bengkulu,ID,-3.8004,102.2655,81.01,81,91,3.31,overcast clouds
140,Saint-Georges,GD,12.0564,-61.7485,83.88,70,20,20.71,few clouds
141,Broken Hill,AU,-31.95,141.4333,49.71,93,90,5.75,overcast clouds
142,Henties Bay,NA,-22.116,14.2845,81.86,32,0,4.81,clear sky
143,Ipixuna,BR,-1.7625,-48.8043,85.95,54,11,3.02,few clouds
144,Shahr-E Kord,IR,32.3256,50.8644,92.97,3,20,9.22,few clouds
145,Benalla,AU,-36.55,145.9833,45.99,93,13,3.15,few clouds
146,Wau,SS,7.7029,27.9953,92.08,40,100,5.32,overcast clouds
147,Marsh Harbour,BS,26.5412,-77.0636,78.84,76,8,17.05,clear sky
148,At-Bashi,KG,41.1702,75.8106,60.8,54,93,4.63,overcast clouds
149,Ritchie,ZA,-29.038,24.6028,65.41,21,0,19.57,clear sky
150,Boende,CD,-0.2167,20.8667,89.42,46,93,4.12,overcast clouds
151,Arraial Do Cabo,BR,-22.9661,-42.0278,80.56,61,0,6.91,clear sky
152,Westport,US,41.1415,-73.3579,65.89,92,90,5.99,mist
153,Kirakira,SB,-10.4544,161.9205,79.0,89,100,10.51,moderate rain
154,Vao,NC,-22.6667,167.4833,71.38,71,100,14.74,overcast clouds
155,Rabaul,PG,-4.1967,152.1721,80.17,83,100,5.66,light rain
156,Itupiranga,BR,-5.1347,-49.3267,89.92,50,15,2.8,few clouds
157,Moranbah,AU,-22.0016,148.0466,62.82,82,77,4.61,broken clouds
158,Thompson,CA,55.7435,-97.8558,42.96,75,75,9.22,broken clouds
159,Portland,US,45.5234,-122.6762,62.04,85,75,1.99,broken clouds
160,Terrace Bay,CA,48.7834,-87.1,54.1,96,100,3.74,light rain
161,Codrington,AU,-38.2667,141.9667,51.66,89,100,11.7,light rain
162,Tual,ID,-5.6667,132.75,82.18,77,100,16.02,overcast clouds
163,Morondava,MG,-20.2833,44.2833,77.72,68,19,14.5,few clouds
164,Palmer,US,42.1584,-72.3287,67.48,73,90,1.01,overcast clouds
165,Bredasdorp,ZA,-34.5322,20.0403,66.27,55,2,13.15,clear sky
166,Rossland,CA,49.0831,-117.8022,67.71,52,0,1.03,clear sky
167,Ogbomosho,NG,8.133,4.25,94.77,42,25,4.83,scattered clouds
168,Callaway,US,30.153,-85.5699,79.92,81,75,3.0,broken clouds
169,Kurchum,KZ,48.5722,83.6542,75.11,46,85,11.12,overcast clouds
170,Fort Saint James,CA,54.4333,-124.25,54.09,68,100,5.17,overcast clouds
171,Tezu,IN,27.9167,96.1667,76.8,83,81,3.51,broken clouds
172,Barrow,US,71.2906,-156.7887,28.42,86,90,12.66,overcast clouds
173,Guerrero Negro,MX,27.9769,-114.0611,61.14,87,1,6.04,clear sky
174,Lujan,AR,-34.5703,-59.105,58.98,61,54,12.55,broken clouds
175,Anadyr,RU,64.75,177.4833,36.1,64,0,8.37,clear sky
176,Kruisfontein,ZA,-34.0033,24.7314,61.88,49,34,8.34,scattered clouds
177,Severo-Kurilsk,RU,50.6789,156.125,41.52,81,6,10.27,clear sky
178,Bahawalpur,PK,29.4,71.6833,85.14,52,100,22.55,overcast clouds
179,Listowel,IE,52.4464,-9.485,58.71,85,22,15.79,few clouds
180,Bambous Virieux,MU,-20.3428,57.7575,77.25,69,75,18.07,broken clouds
181,Ranong,TH,9.9658,98.6348,82.33,83,7,2.75,clear sky
182,Great Falls,US,47.5002,-111.3008,72.41,72,1,0.0,clear sky
183,Saint-Philippe,RE,-21.3585,55.7679,76.59,77,38,14.81,scattered clouds
184,Cherskiy,RU,68.75,161.3,55.83,42,100,2.42,overcast clouds
185,Port Elizabeth,ZA,-33.918,25.5701,64.09,51,20,5.75,few clouds
186,Patrocinio,BR,-18.9439,-46.9925,75.96,38,0,5.44,clear sky
187,Chizhou,CN,30.6578,117.4831,62.91,95,100,7.11,light rain
188,Isla Vista,US,34.4133,-119.861,59.43,96,90,4.61,mist
189,Lavrentiya,RU,65.5833,-171.0,28.99,74,100,7.07,overcast clouds
190,Nioro,GM,13.35,-15.75,102.33,21,41,8.01,scattered clouds
191,Fasa,IR,28.9383,53.6482,105.04,8,0,13.8,clear sky
192,Urengoy,RU,65.9667,78.3667,46.11,40,92,10.71,overcast clouds
193,Hambantota,LK,6.1241,81.1185,82.74,89,40,18.1,scattered clouds
194,Airai,TL,-8.9266,125.4092,59.36,92,57,2.46,broken clouds
195,Torbay,CA,47.6666,-52.7314,69.89,51,20,11.5,few clouds
196,Bonavista,CA,48.6499,-53.1147,66.2,72,7,2.51,clear sky
197,Kraskino,RU,42.7114,130.7794,53.85,99,100,2.89,overcast clouds
198,Zhigansk,RU,66.7697,123.3711,64.74,54,78,10.49,broken clouds
199,Gizo,SB,-8.103,156.8419,81.54,77,64,7.29,broken clouds
200,Limon,CR,10.0,-83.0333,75.09,100,90,5.75,moderate rain
201,Makakilo City,US,21.3469,-158.0858,75.56,72,1,3.44,clear sky
202,East London,ZA,-33.0153,27.9116,59.94,67,40,6.91,scattered clouds
203,Esperance,AU,-33.8667,121.9,57.04,83,40,4.88,scattered clouds
204,Norman Wells,CA,65.282,-126.8329,50.04,87,90,3.44,overcast clouds
205,Los Barrios,ES,36.1848,-5.4921,75.02,68,20,9.08,few clouds
206,Raudeberg,NO,61.9875,5.1352,76.6,66,81,8.14,broken clouds
207,Launceston,AU,-41.45,147.1667,52.81,92,98,6.04,light rain
208,Vila Velha,BR,-20.3297,-40.2925,82.35,65,0,5.01,clear sky
209,Wewak,PG,-3.5534,143.6268,79.68,82,29,2.26,scattered clouds
210,Puerto Baquerizo Moreno,EC,-0.9,-89.6,73.18,79,73,14.0,broken clouds
211,Nemuro,JP,43.3236,145.575,49.78,100,100,10.4,overcast clouds
212,Nerang,AU,-27.9833,153.3333,62.58,95,40,5.95,scattered clouds
213,Omboue,GA,-1.5746,9.2618,81.95,74,42,11.14,scattered clouds
214,Bambui,BR,-20.0064,-45.9769,77.27,53,0,3.15,clear sky
215,Vestmannaeyjar,IS,63.4427,-20.2734,49.19,87,75,20.71,broken clouds
216,Cap Malheureux,MU,-19.9842,57.6142,77.49,69,2,7.0,clear sky
217,Coquimbo,CL,-29.9533,-71.3436,53.33,100,90,6.17,fog
218,Agadir,MA,30.4202,-9.5982,77.45,54,100,8.37,overcast clouds
219,Ulladulla,AU,-35.35,150.4667,53.1,91,100,6.26,overcast clouds
220,Den Helder,NL,52.9599,4.7593,76.01,72,90,13.8,overcast clouds
221,Tahe,CN,52.3333,124.7333,50.77,96,100,3.58,light rain
222,Aklavik,CA,68.2191,-135.0107,43.63,87,90,4.61,overcast clouds
223,Chicama,PE,-7.8447,-79.1469,63.14,75,100,3.04,overcast clouds
224,Owando,CG,-0.4819,15.8999,93.97,37,11,0.89,few clouds
225,Chernyshevskiy,RU,63.0128,112.4714,64.38,41,100,5.12,overcast clouds
226,Mehran,IR,33.1222,46.1646,107.08,6,0,23.42,clear sky
227,Sao Raimundo Nonato,BR,-9.0153,-42.6994,91.13,35,0,10.18,clear sky
228,Luderitz,NA,-26.6481,15.1594,79.92,25,0,9.26,clear sky
229,Uyuni,BO,-20.4597,-66.825,46.2,13,1,3.06,clear sky
230,Ekhabi,RU,53.5102,142.9671,51.96,81,100,10.98,overcast clouds
231,Pieve Di Soligo,IT,45.9025,12.1772,82.54,51,44,3.94,scattered clouds
232,Saskylakh,RU,71.9167,114.0833,37.18,78,100,7.72,overcast clouds
233,Dikson,RU,73.5069,80.5464,32.09,97,100,11.05,overcast clouds
234,Banda Aceh,ID,5.5577,95.3222,80.74,83,100,5.75,moderate rain
235,Road Town,VG,18.4167,-64.6167,84.29,74,40,9.22,scattered clouds
236,Karoi,ZW,-16.8099,29.6925,75.31,29,81,8.39,broken clouds
237,Vanavara,RU,60.34,102.2797,63.55,68,77,5.3,broken clouds
238,Aleksandrovskiy Zavod,RU,50.9237,117.9374,48.74,85,58,10.65,broken clouds
239,Palembang,ID,-2.9167,104.7458,84.29,84,40,9.22,scattered clouds
240,Camacha,PT,33.0833,-16.3333,67.42,52,20,13.8,few clouds
241,Bermeo,ES,43.4209,-2.7215,64.71,87,100,12.24,overcast clouds
242,Yellapur,IN,14.9667,74.7167,74.82,91,100,2.06,overcast clouds
243,Ustka,PL,54.5805,16.8619,66.43,54,46,11.59,scattered clouds
244,Sao Joao Da Barra,BR,-21.6403,-41.0511,80.69,69,0,5.73,clear sky
245,Loanda,AO,-8.8368,13.2343,82.4,74,20,9.22,few clouds
246,Bhalki,IN,18.0333,77.2167,81.32,63,49,2.06,light rain
247,Vanderhoof,CA,54.0166,-124.0198,54.1,84,100,3.31,overcast clouds
248,Ambilobe,MG,-13.2,49.05,79.32,65,7,3.65,clear sky
249,Wagar,SD,16.1525,36.2032,105.37,16,13,3.91,few clouds
250,El Campo,US,29.1966,-96.2697,78.89,83,1,5.17,clear sky
251,Katsuura,JP,35.1333,140.3,70.2,86,99,16.62,overcast clouds
252,Tiksi,RU,71.6872,128.8694,39.15,76,100,9.91,overcast clouds
253,Odda,NO,60.0691,6.5457,73.78,56,54,12.66,broken clouds
254,Kushmurun,KZ,52.4503,64.6311,69.13,48,43,21.34,scattered clouds
255,Darhan,MN,49.4867,105.9228,64.71,38,0,3.04,clear sky
256,Cidreira,BR,-30.1811,-50.2056,62.89,67,2,6.89,clear sky
257,Siguiri,GN,11.6667,-9.5,105.93,22,76,2.8,broken clouds
258,Sao Filipe,CV,14.8961,-24.4956,74.44,78,99,8.75,overcast clouds
259,Saint-Augustin,CA,51.226,-58.6502,54.95,63,76,8.52,broken clouds
260,Aksarka,RU,66.5606,67.7975,41.52,48,87,14.32,overcast clouds
261,Ust-Omchug,RU,61.15,149.6333,41.81,84,100,0.25,light rain
262,Qaanaaq,GL,77.484,-69.3632,28.29,74,98,4.09,overcast clouds
263,Jacqueville,CI,5.2052,-4.4146,87.71,75,11,10.4,few clouds
264,Boyuibe,BO,-20.4167,-63.2833,62.51,52,59,4.54,broken clouds
265,Phalaborwa,ZA,-23.943,31.1411,72.68,48,58,14.47,broken clouds
266,Springdale,US,36.1867,-94.1288,66.31,95,1,4.18,mist
267,San Patricio,US,28.017,-97.5169,77.09,87,100,10.0,overcast clouds
268,Catamarca,AR,-28.4696,-65.7852,69.78,66,0,4.0,clear sky
269,Synya,RU,65.3718,58.0387,53.89,43,38,9.31,scattered clouds
270,Ilo,PE,-17.6394,-71.3375,63.46,77,90,0.0,overcast clouds
271,Havre-Saint-Pierre,CA,50.2334,-63.5986,57.56,62,90,3.44,overcast clouds
272,Whyalla,AU,-33.0333,137.5833,55.29,82,90,6.91,overcast clouds
273,Haines Junction,CA,60.7522,-137.5108,41.77,87,100,6.04,overcast clouds
274,Nizwa,OM,22.9333,57.5333,110.39,7,0,1.66,clear sky
275,Matara,LK,5.9485,80.5353,80.04,84,42,10.65,scattered clouds
276,Kudahuvadhoo,MV,2.6708,72.8944,83.59,73,99,16.8,overcast clouds
277,Umm Lajj,SA,25.0213,37.2685,84.65,62,0,15.17,clear sky
278,Burns Lake,CA,54.2331,-125.7533,40.42,84,100,4.59,overcast clouds
279,Rozivka,UA,46.9385,35.7724,65.43,64,100,8.81,overcast clouds
280,Cayenne,GF,4.9333,-52.3333,82.44,89,75,5.99,heavy intensity rain
281,Qom,IR,34.6401,50.8764,104.74,6,0,10.22,clear sky
282,Kulhudhuffushi,MV,6.6221,73.07,83.14,77,100,16.8,overcast clouds
283,Oparino,RU,59.8518,48.2783,64.33,37,6,9.4,clear sky
284,Singaraja,ID,-8.112,115.0882,80.02,83,100,7.67,overcast clouds
285,Yulara,AU,-25.2406,130.9889,55.24,62,99,9.22,overcast clouds
286,Meiganga,CM,6.5167,14.3,85.33,46,49,3.58,scattered clouds
287,La Ronge,CA,55.1001,-105.2842,57.45,77,75,3.44,broken clouds
288,Cam Ranh,VN,11.9214,109.1591,84.16,65,20,7.49,few clouds
289,Vardo,NO,70.3705,31.1107,71.35,62,0,10.36,clear sky
290,San Felipe,VE,10.3399,-68.7425,77.11,84,94,3.62,overcast clouds
291,Warrington,GB,53.3925,-2.5802,72.27,79,75,3.0,broken clouds
292,Grindavik,IS,63.8424,-22.4338,48.56,93,90,27.65,light rain
293,Kakrala,IN,27.9,79.2,99.9,22,4,7.58,clear sky
294,Itoman,JP,26.1247,127.6694,82.78,94,75,17.27,broken clouds
295,North Bend,US,43.4065,-124.2243,58.86,91,90,8.05,overcast clouds
296,Carutapera,BR,-1.195,-46.02,86.05,65,9,7.78,clear sky
297,Sosnogorsk,RU,63.6023,53.8817,61.59,33,0,10.04,clear sky
298,Harbour Breton,CA,47.4833,-55.7983,49.53,82,60,6.89,broken clouds
299,Sfantu Gheorghe,RO,45.8667,25.7833,61.93,75,100,1.01,overcast clouds
300,Copacabana,CO,6.3463,-75.5089,75.0,79,99,2.19,overcast clouds
301,Leh,IN,34.1667,77.5833,53.4,53,93,5.37,overcast clouds
302,Hammerfest,NO,70.6634,23.6821,66.65,39,0,6.91,clear sky
303,Cleethorpes,GB,53.5605,-0.0323,72.99,84,81,7.27,broken clouds
304,Elblag,PL,54.1522,19.4088,69.55,58,81,6.44,broken clouds
305,Buraydah,SA,26.326,43.975,113.45,6,7,11.54,clear sky
306,Ahipara,NZ,-35.1667,173.1667,52.23,81,37,2.42,scattered clouds
307,Bintulu,MY,3.1667,113.0333,84.61,88,20,1.99,few clouds
308,Voznesenye,RU,61.0106,35.4781,60.08,55,0,7.43,clear sky
309,Olbia,IT,40.9214,9.4856,82.45,36,20,14.97,few clouds
310,Sakakah,SA,29.9697,40.2064,105.37,10,0,6.33,clear sky
311,Maniitsoq,GL,65.4167,-52.9,33.8,93,100,12.86,overcast clouds
312,Adrar,MR,20.5022,-10.0711,104.95,13,69,16.49,broken clouds
313,Culebra,PR,18.303,-65.301,84.29,74,99,18.48,overcast clouds
314,Seymchan,RU,62.8833,152.4333,47.95,56,65,2.71,broken clouds
315,Opuwo,NA,-18.0607,13.84,77.45,18,0,13.29,clear sky
316,Yerbogachen,RU,61.2767,108.0108,65.75,46,99,4.88,overcast clouds
317,Nanortalik,GL,60.1432,-45.2371,37.45,95,100,9.1,overcast clouds
318,Esil,KZ,51.9556,66.4042,80.19,26,34,3.87,scattered clouds
319,Mpika,ZM,-11.8343,31.4529,74.32,47,63,8.37,broken clouds
320,Panaba,MX,21.2833,-88.2667,81.81,72,6,6.78,clear sky
321,Ayabaca,PE,-4.6398,-79.7149,57.38,68,9,2.51,clear sky
322,Svetlogorsk,BY,52.6333,29.7333,65.7,53,32,10.92,scattered clouds
323,Santa Fe,AR,-31.6333,-60.7,65.91,65,8,5.99,clear sky
324,Sirajganj,BD,24.45,89.7167,84.81,76,18,9.06,few clouds
325,Veraval,IN,20.9,70.3667,85.01,76,0,11.81,clear sky
326,Fare,PF,-16.7,-151.0167,79.93,79,11,6.87,light rain
327,Tikapur,NP,28.5,81.1333,90.25,31,0,4.43,clear sky
328,General Pico,AR,-35.6566,-63.7568,60.37,68,20,11.52,few clouds
329,Sorland,NO,67.667,12.6934,60.87,55,0,5.75,clear sky
330,Constitucion,CL,-35.3333,-72.4167,59.54,84,100,5.86,overcast clouds
331,Naze,JP,28.3667,129.4833,75.56,91,94,11.1,overcast clouds
332,Tura,IN,25.5198,90.2201,73.78,94,76,6.6,broken clouds
333,Hay River,CA,60.8156,-115.7999,53.58,82,75,3.44,light rain
334,Uriu,RO,47.2,24.05,69.22,68,65,5.12,broken clouds
335,Changji,CN,44.0167,87.3167,92.19,16,0,19.33,clear sky
336,Pacific Grove,US,36.6177,-121.9166,54.01,95,90,1.01,mist
337,Djambala,CG,-2.5447,14.7533,86.9,42,23,4.36,few clouds
338,Khandbari,NP,27.3747,87.2039,73.65,80,36,1.36,scattered clouds
339,Montreal,CA,45.5088,-73.5878,63.73,92,90,3.44,overcast clouds
340,Lyubinskiy,RU,55.1542,72.6925,65.88,73,100,15.86,light rain
341,Cottonwood,US,34.7392,-112.0099,82.31,23,57,0.25,broken clouds
342,Tocopilla,CL,-22.092,-70.1979,66.51,66,45,2.93,scattered clouds
343,Morehead,US,37.2711,-87.1764,67.84,97,90,6.91,overcast clouds
344,Cabo San Lucas,MX,22.8909,-109.9124,84.4,51,4,5.46,clear sky
345,Faanui,PF,-16.4833,-151.75,80.28,78,18,5.1,light rain
346,Tecoanapa,MX,16.5167,-98.75,82.35,73,76,4.45,broken clouds
347,Shubarshi,KZ,48.5872,57.1869,90.14,26,3,5.37,clear sky
348,Xining,CN,36.6167,101.7667,58.24,30,100,8.88,overcast clouds
349,Berbera,SO,10.4396,45.0143,89.78,64,57,4.47,broken clouds
350,Namibe,AO,-15.1961,12.1522,83.03,65,0,14.97,clear sky
351,Berekum,GH,7.4534,-2.584,97.63,35,12,3.36,few clouds
352,Kadirli,TR,37.3739,36.0961,75.0,35,0,9.33,clear sky
353,Ishigaki,JP,24.3448,124.1572,83.41,89,10,17.96,clear sky
354,Las Varas,MX,21.1667,-105.1667,82.58,67,100,2.86,overcast clouds
355,Mossendjo,CG,-2.9506,12.7261,85.48,48,5,3.58,clear sky
356,Narsaq,GL,60.9167,-46.05,41.54,76,100,5.48,overcast clouds
357,Igrim,RU,63.1906,64.4162,49.12,36,74,13.69,broken clouds
358,Porto Novo,BJ,6.4965,2.6036,89.42,57,6,11.32,clear sky
359,Port-Gentil,GA,-0.7193,8.7815,84.16,74,75,11.5,broken clouds
360,Ust-Maya,RU,60.4167,134.5333,49.77,94,6,4.34,clear sky
361,Sehithwa,BW,-20.4667,22.7167,73.18,22,0,7.02,clear sky
362,Kerema,PG,-7.9631,145.7785,78.21,90,100,6.15,heavy intensity rain
363,Zarcero,CR,10.1856,-84.3908,67.3,81,87,3.69,overcast clouds
364,Aleksandrov Gay,RU,50.147,48.5704,60.84,93,100,14.47,overcast clouds
365,Teguldet,RU,57.3064,88.1667,59.97,52,66,5.5,broken clouds
366,Hervey Bay,AU,-25.2986,152.8535,67.01,89,100,1.01,overcast clouds
367,Geraldton,AU,-28.7667,114.6,54.01,82,0,8.61,clear sky
368,Komsomolskiy,UZ,40.4272,71.7189,96.22,12,3,4.61,clear sky
369,Corlatel,RO,44.3986,22.9331,69.87,48,100,6.78,overcast clouds
370,Bindura,ZW,-17.3019,31.3306,56.84,31,90,6.85,overcast clouds
371,Mount Gambier,AU,-37.8333,140.7667,51.71,93,75,11.5,light rain
372,Lebrija,ES,36.9208,-6.0753,83.08,50,40,16.4,scattered clouds
373,Okha,RU,53.5739,142.9478,49.84,84,100,9.86,overcast clouds
374,Kamaishi,JP,39.2667,141.8833,62.74,92,100,13.24,light rain
375,Gazanjyk,TM,39.2446,55.5154,97.66,22,0,21.94,clear sky
376,Doha,QA,25.2867,51.5333,113.31,55,0,9.22,clear sky
377,Fairbanks,US,64.8378,-147.7164,50.81,80,1,0.0,clear sky
378,Rocha,UY,-34.4833,-54.3333,55.45,61,60,4.34,broken clouds
379,Grong,NO,64.4654,12.3149,79.88,26,62,7.25,broken clouds
380,Boguchany,RU,58.3814,97.4531,63.0,88,98,6.08,light rain
381,Sitka,US,57.0531,-135.33,46.63,89,100,5.75,light rain
382,Ardakan,IR,32.31,54.0175,109.78,5,1,5.99,clear sky
383,Papara,BR,-3.9839,-38.7273,86.72,55,5,9.62,clear sky
384,Leningradskiy,RU,69.3833,178.4167,23.47,88,76,7.65,broken clouds
385,Altea,ES,38.5989,-0.0514,78.37,91,77,14.5,broken clouds
386,Iqaluit,CA,63.7506,-68.5145,37.13,69,75,5.01,broken clouds
387,San Jeronimo,PE,-11.9472,-75.2829,53.46,66,100,1.05,overcast clouds
388,Hanover,DE,52.3705,9.7332,81.25,44,20,1.14,few clouds
389,Gannan,CN,47.9147,123.5031,52.9,80,100,17.76,light rain
390,Bima,ID,-8.4667,118.7167,75.94,89,80,2.62,broken clouds
391,Yankton,US,42.8711,-97.3973,71.11,49,1,9.22,clear sky
392,Mutis,CO,6.2262,-77.4044,82.0,77,100,2.68,overcast clouds
393,Petropavlovsk-Kamchatskiy,RU,53.0452,158.6483,46.99,76,8,9.84,clear sky
394,Rancho Palos Verdes,US,33.7445,-118.387,63.36,90,82,1.01,broken clouds
395,Eureka,US,40.8021,-124.1637,54.63,95,39,2.21,scattered clouds
396,Asau,RO,46.4333,26.4,63.52,73,100,9.66,overcast clouds
397,Marzuq,YE,14.4,46.4667,89.96,23,47,13.22,scattered clouds
398,Vostok,RU,46.4856,135.8833,49.37,98,100,4.41,moderate rain
399,Nador,MA,35.174,-2.9287,78.87,68,75,10.87,broken clouds
400,Seoul,KR,37.5683,126.9778,60.19,91,90,2.84,light rain
401,Tomatlan,MX,19.9333,-105.25,81.86,69,99,1.14,overcast clouds
402,Quarai,BR,-30.3875,-56.4514,62.89,71,6,8.19,clear sky
403,Turukhansk,RU,65.8167,87.9833,43.11,67,94,10.78,overcast clouds
404,Juba,SS,4.8517,31.5825,89.91,41,18,8.1,few clouds
405,Plettenberg Bay,ZA,-34.0527,23.3716,62.47,52,0,12.21,clear sky
406,Hamilton,US,39.1834,-84.5333,68.11,97,75,1.99,mist
407,Progreso,MX,21.2833,-89.6667,79.9,75,32,7.18,scattered clouds
408,Margate,GB,51.3813,1.3862,75.85,81,23,8.5,few clouds
409,Digri,PK,25.1558,69.1113,95.79,44,0,19.19,clear sky
410,Baoro,CF,5.6667,15.9667,90.66,37,70,5.17,broken clouds
411,Nannilam,IN,10.8793,79.6106,86.86,66,94,11.5,overcast clouds
412,Qaqortoq,GL,60.7167,-46.0333,39.0,88,100,9.69,overcast clouds
413,Marsa Matruh,EG,31.3525,27.2453,75.4,57,20,13.8,few clouds
414,Zalantun,CN,48.0,122.7167,49.77,88,100,8.03,light rain
415,Ambon,ID,-3.6954,128.1814,80.22,83,100,8.57,light rain
416,Tessalit,ML,20.1986,1.0114,110.05,5,9,3.11,clear sky
417,Rio Gallegos,AR,-51.6226,-69.2181,33.85,80,75,3.44,broken clouds
418,Illapel,CL,-31.6308,-71.1653,73.81,32,46,1.72,scattered clouds
419,Kenai,US,60.5544,-151.2583,44.15,93,90,5.48,overcast clouds
420,Maxixe,MZ,-23.8597,35.3472,75.02,60,40,7.0,scattered clouds
421,Sundumbili,ZA,-29.1337,31.3975,61.11,87,100,22.28,moderate rain
422,Dakar,SN,14.6937,-17.4441,85.08,69,0,18.41,clear sky
423,Banting,MY,2.8167,101.5,84.34,85,16,4.34,few clouds
424,Berlevag,NO,70.8578,29.0864,71.4,48,0,18.41,clear sky
425,Timmins,CA,48.4669,-81.3331,66.02,55,75,8.86,broken clouds
426,Butembo,CD,0.15,29.2833,66.13,87,98,0.36,light rain
427,Moron,AR,-34.6534,-58.6198,58.96,66,51,8.86,broken clouds
428,Dicabisagan,PH,17.0818,122.4157,82.72,84,100,11.18,overcast clouds
429,Troitskoye,RU,52.9821,84.6757,65.26,93,100,10.98,moderate rain
430,Sonqor,IR,34.7837,47.6004,90.41,10,0,13.67,clear sky
431,Ordubad,AZ,38.9059,46.0234,95.09,26,0,7.87,clear sky
432,Ushumun,RU,52.7833,126.5333,51.91,89,100,4.45,overcast clouds
433,Sagua La Grande,CU,22.8067,-80.0756,82.35,70,10,12.08,clear sky
434,Smidovich,RU,48.6,133.8167,53.58,96,100,6.53,light rain
435,Roald,NO,62.5833,6.1333,77.16,78,4,3.8,clear sky
436,Taltal,CL,-25.4,-70.4833,63.59,75,26,6.6,scattered clouds
437,Bubaque,GW,11.2833,-15.8333,78.71,73,98,11.34,overcast clouds
438,Tres Arroyos,AR,-38.3739,-60.2798,49.41,61,100,14.5,overcast clouds
439,Tuatapere,NZ,-46.1333,167.6833,49.82,87,98,6.6,light rain
440,Kalach-Na-Donu,RU,48.691,43.5264,63.72,73,100,8.68,overcast clouds
441,Aloleng,PH,16.1307,119.7824,82.11,78,100,13.13,overcast clouds
442,Blagoyevo,RU,63.3667,47.9167,67.8,36,29,9.73,scattered clouds
443,Waingapu,ID,-9.6567,120.2641,76.53,84,45,7.96,scattered clouds
444,Adjumani,UG,3.3779,31.7909,78.75,65,100,5.99,light rain
445,San Cristobal,VE,7.7669,-72.225,72.07,85,100,4.65,overcast clouds
446,Broome,US,42.2506,-75.833,68.7,85,100,1.99,overcast clouds
447,Shimoda,JP,34.6667,138.95,66.31,91,100,9.06,overcast clouds
448,Dudinka,RU,69.4058,86.1778,34.56,99,100,12.33,light rain
449,Carndonagh,IE,55.25,-7.2667,69.42,66,15,15.57,few clouds
450,Jacareacanga,BR,-6.2222,-57.7528,83.37,55,58,3.13,broken clouds
451,Olinda,BR,-8.0089,-34.8553,82.13,65,40,11.18,scattered clouds
452,Kunda,IN,25.7167,81.5167,98.96,27,87,4.68,overcast clouds
453,Biak,ID,-0.9131,122.8766,77.63,86,87,5.55,overcast clouds
454,Sola,VU,-13.8833,167.55,79.38,78,93,20.29,overcast clouds
455,Meulaboh,ID,4.1363,96.1285,78.48,89,100,4.12,overcast clouds
456,Kyra,RU,49.5776,111.9753,44.96,82,1,5.82,clear sky
457,Avera,US,33.194,-82.5271,78.91,83,100,5.68,overcast clouds
458,Korla,CN,41.7597,86.1469,88.92,11,16,5.86,few clouds
459,Havoysund,NO,70.9963,24.6622,67.08,65,100,19.8,overcast clouds
460,Riyadh,SA,24.6877,46.7219,111.34,6,0,10.36,clear sky
461,Trinidad,BO,-14.8333,-64.9,81.75,64,46,1.83,scattered clouds
462,Porto Santo,PT,33.072,-16.3415,70.18,52,20,13.8,few clouds
463,Taphan Hin,TH,16.2209,100.4198,87.91,62,86,9.46,overcast clouds
464,Sao Jose Da Coroa Grande,BR,-8.8978,-35.1478,80.89,72,19,9.71,few clouds
465,Maningrida,AU,-12.0667,134.2667,73.26,76,28,8.61,scattered clouds
466,Brae,GB,60.3964,-1.353,57.11,67,11,17.52,few clouds
467,Kieta,PG,-6.2167,155.6333,79.07,84,67,4.52,broken clouds
468,Taujica,HN,15.7,-85.9167,81.91,69,18,1.3,few clouds
469,Comodoro Rivadavia,AR,-45.8667,-67.5,42.66,87,90,0.0,light rain
470,Wuwei,CN,37.9281,102.6414,59.23,14,0,1.68,clear sky
471,Aykhal,RU,66.0,111.5,57.99,72,100,14.92,light rain
472,Vieste,IT,41.8825,16.175,81.1,54,15,8.88,few clouds
473,Beringovskiy,RU,63.05,179.3167,32.27,84,90,4.36,overcast clouds
474,Poya,NC,-21.35,165.15,67.23,82,19,4.7,few clouds
475,Rawson,AR,-43.3002,-65.1023,46.92,67,100,5.79,overcast clouds
476,Caborca,MX,30.5838,-111.101,78.98,24,75,2.26,broken clouds
477,Hays,US,30.0502,-98.0336,72.81,92,100,4.72,overcast clouds
478,Great Yarmouth,GB,52.6083,1.7305,75.45,88,100,2.19,overcast clouds
479,Necochea,AR,-38.5473,-58.7368,48.04,56,100,13.73,light rain
480,Bilma,NE,18.6853,12.9164,109.53,7,81,12.73,broken clouds
481,Thinadhoo,MV,0.5333,72.9333,83.53,73,100,15.7,overcast clouds
482,Bakchar,RU,57.0186,82.0711,57.88,64,89,7.65,overcast clouds
483,Poole,GB,50.7167,-2.0,68.27,72,75,3.0,broken clouds
484,Piracicaba,BR,-22.7253,-47.6492,80.85,41,0,1.34,clear sky
485,Sesheke,ZM,-17.4759,24.2968,77.02,13,6,5.3,clear sky
486,Moerai,PF,-22.4333,-151.3333,77.14,75,80,5.3,broken clouds
487,Yibin,CN,28.7667,104.6238,67.53,81,100,2.35,light rain
488,Carballo,ES,43.213,-8.691,68.07,62,6,7.63,clear sky
489,Nedryhayliv,UA,50.834,33.8763,62.85,68,97,15.57,overcast clouds
490,Ugoofaaru,MV,5.6667,73.0,83.3,74,100,17.96,overcast clouds
491,Panalingaan,PH,8.7842,117.4231,80.8,84,100,4.12,light rain
492,Pindushi,RU,62.9152,34.58,72.66,34,7,2.91,clear sky
493,Shenjiamen,CN,29.9576,122.298,67.93,96,100,22.91,overcast clouds
494,La Peca,PE,-5.6111,-78.435,71.51,84,100,1.45,light rain
495,Egvekinot,RU,66.3167,-179.1667,22.95,82,25,4.07,scattered clouds
496,San Martino Di Lupari,IT,45.6548,11.8584,84.56,57,20,4.0,few clouds
497,Caravelas,BR,-17.7125,-39.2481,81.82,58,78,5.23,broken clouds
498,Guiratinga,BR,-16.3494,-53.7583,82.65,44,34,4.99,scattered clouds
499,Buchanan,LR,5.8808,-10.0467,87.76,71,60,6.6,light rain
500,Miandrivazo,MG,-19.5167,45.4667,82.42,48,27,4.59,scattered clouds
501,Yeppoon,AU,-23.1333,150.7333,67.78,90,94,4.61,overcast clouds
502,Kamenka,RU,51.3223,42.7678,54.05,96,100,4.83,moderate rain
503,Atyrau,KZ,47.1167,51.8833,84.22,34,40,20.13,scattered clouds
504,Lexington,US,37.9887,-84.4777,67.32,88,90,1.01,overcast clouds
505,Samarai,PG,-10.6167,150.6667,79.14,87,100,11.61,overcast clouds
506,Fortuna,US,40.5982,-124.1573,54.36,75,90,1.99,overcast clouds
507,Hirado,JP,33.3597,129.5531,74.35,98,100,17.54,light rain
508,Kokopo,PG,-4.352,152.2633,77.72,88,100,5.28,light rain
509,Marfino,RU,55.7028,37.3822,68.25,36,0,14.61,clear sky
510,Faya,SA,18.3851,42.4509,88.32,14,5,17.83,clear sky
511,Santa Barbara,US,34.7333,-120.0343,50.59,100,90,1.81,mist
512,Omsukchan,RU,62.5333,155.8,41.25,73,94,5.59,overcast clouds
513,Brigantine,US,39.4101,-74.3646,70.07,97,90,10.6,overcast clouds
514,Orlik,RU,52.5178,99.825,56.17,49,1,2.28,clear sky
515,Clyde River,CA,70.4692,-68.5914,26.83,93,90,12.66,overcast clouds
516,Dunmore Town,BS,25.5,-76.65,78.55,79,3,17.6,clear sky
517,Nha Trang,VN,12.25,109.1833,84.2,74,100,3.33,overcast clouds
518,Kirtipur,NP,27.6667,85.2833,76.93,69,75,8.05,broken clouds
519,Lanja,IN,16.85,73.55,80.17,85,100,0.31,overcast clouds
520,Manama,BH,26.2154,50.5832,107.78,39,0,20.71,clear sky
521,Nueve De Julio,AR,-35.4444,-60.8831,54.72,70,91,13.35,moderate rain
522,Ust-Nera,RU,64.5667,143.2,49.82,45,8,1.88,clear sky
523,Mackay,AU,-21.15,149.2,69.04,100,36,3.44,scattered clouds
524,Preobrazheniye,RU,42.9019,133.9064,51.8,99,100,12.41,heavy intensity rain
525,Kavaratti,IN,10.5669,72.642,83.55,78,96,18.81,overcast clouds
526,Monrovia,LR,6.3005,-10.7969,87.57,72,32,7.63,light rain
527,Sabinov,SK,49.1031,21.0988,71.33,55,72,8.86,broken clouds
528,Ayotzintepec,MX,17.6667,-96.1333,79.43,77,85,0.36,overcast clouds
529,Tommot,RU,58.9564,126.2925,53.96,75,39,3.33,scattered clouds
530,Manises,ES,39.4914,-0.4635,80.53,60,40,10.36,scattered clouds
531,Masuda,JP,34.6667,131.85,67.35,88,100,21.72,moderate rain
532,Miranda,CO,3.2499,-76.2281,72.99,76,90,3.24,overcast clouds
533,Bandarbeyla,SO,9.4942,50.8122,82.74,73,68,19.77,broken clouds
534,Kouango,CF,4.9934,19.9619,93.25,40,22,1.81,few clouds
535,College,US,64.8569,-147.8028,53.2,79,75,8.05,broken clouds
536,Lumby,CA,50.2498,-118.969,66.42,59,100,1.86,overcast clouds
537,Miyako,JP,39.6367,141.9525,61.21,93,100,15.1,overcast clouds
538,De-Kastri,RU,51.4667,140.7833,46.9,97,100,14.58,overcast clouds
539,Beloha,MG,-25.1667,45.05,72.52,74,100,11.79,light rain
540,Savannah Bight,HN,16.45,-85.85,86.0,78,68,18.19,broken clouds
541,Dalbandin,PK,28.8947,64.4101,105.55,3,0,16.13,clear sky
542,Grajewo,PL,53.6473,22.4554,63.3,69,100,7.07,overcast clouds
543,Lahat,ID,-3.8,103.5333,77.34,89,93,3.31,overcast clouds
544,Oistins,BB,13.0667,-59.5333,86.09,54,40,20.71,scattered clouds
545,Vila Franca Do Campo,PT,37.7167,-25.4333,64.81,59,86,2.04,overcast clouds
546,Bodden Town,KY,19.2833,-81.25,87.01,56,20,4.0,few clouds
547,Hofn,IS,64.2539,-15.2082,53.62,76,40,11.5,scattered clouds
548,Pudozh,RU,61.8099,36.5345,72.39,35,0,7.31,clear sky
549,Luwuk,ID,-0.9516,122.7875,78.66,89,83,4.25,broken clouds
550,Bangarapet,IN,12.9667,78.2,85.39,59,99,6.31,overcast clouds
551,Pierre,US,44.3683,-100.351,70.05,60,9,10.0,clear sky
552,San Pedro Del Parana,PY,-26.8333,-56.2,63.66,59,14,5.08,few clouds
553,Port Lincoln,AU,-34.7333,135.8667,57.34,75,8,11.36,clear sky
554,Huarmey,PE,-10.0681,-78.1522,67.46,77,63,4.0,broken clouds
555,Lundamo,NO,63.1333,10.3,75.87,27,5,10.92,clear sky
556,Matagami,CA,49.7502,-77.6328,64.51,59,90,11.88,overcast clouds
557,Khani,GE,41.9563,42.9566,69.37,57,9,6.71,light rain
558,Cartagena,CO,10.3997,-75.5144,80.53,84,100,6.22,overcast clouds
559,Baracoa,CU,20.3467,-74.4958,80.71,80,90,12.15,overcast clouds
560,Dubbo,AU,-32.25,148.6167,53.73,94,90,9.22,overcast clouds
561,Russell,US,32.3502,-85.1999,77.99,79,100,2.37,overcast clouds
562,Karratha,AU,-20.7377,116.8463,69.08,42,100,10.04,overcast clouds
563,Sembe,CG,1.6481,14.5806,87.58,55,76,0.98,broken clouds
564,Lasa,IT,46.6166,10.7002,74.28,76,93,1.01,overcast clouds
565,Dwarka,IN,22.2394,68.9678,84.99,79,0,15.5,clear sky
566,Port Augusta,AU,-32.5,137.7667,55.54,71,84,7.25,broken clouds
567,Dubrovka,RU,53.6907,33.5071,67.98,58,79,9.15,broken clouds
568,Takoradi,GH,4.8845,-1.7554,85.5,68,57,10.6,broken clouds
569,Ati,TD,13.2154,18.3353,106.3,15,60,6.33,broken clouds
570,Copiapo,CL,-27.3667,-70.3333,53.29,46,4,3.02,clear sky
571,Coro,VE,11.4045,-69.6734,80.49,73,100,13.0,overcast clouds
572,Xiamen,CN,24.4798,118.0819,84.25,74,0,6.71,clear sky
573,Evensk,RU,61.95,159.2333,39.36,95,28,5.26,scattered clouds
574,Choix,MX,26.7092,-108.3219,79.83,35,1,2.55,clear sky
575,Padang,ID,-0.9492,100.3543,84.25,87,96,4.03,overcast clouds
576,Paratinga,BR,-12.6906,-43.1842,89.51,33,5,5.1,clear sky
577,Bathsheba,BB,13.2167,-59.5167,86.61,54,40,18.32,scattered clouds
578,Dongsheng,CN,39.8161,109.9776,59.25,30,0,7.36,clear sky
579,Sisophon,KH,13.5859,102.9737,85.77,67,82,8.63,broken clouds
580,Jumla,NP,29.2747,82.1838,58.62,81,40,2.95,scattered clouds
581,Oranjemund,NA,-28.55,16.4333,76.68,28,0,14.05,clear sky
582,Tolaga Bay,NZ,-38.3667,178.3,47.39,85,3,4.94,clear sky
583,Albacete,ES,38.8333,-2.0,79.61,39,20,16.71,few clouds
584,Tilichiki,RU,60.4667,166.1,37.63,76,73,5.48,broken clouds
585,Zilair,RU,52.2332,57.4392,61.43,88,100,7.14,overcast clouds
586,Cocachacra,PE,-17.0883,-71.7575,65.71,78,92,3.22,overcast clouds
587,Haukipudas,FI,65.1765,25.3523,58.64,50,21,4.97,few clouds
588,Oranjestad,AW,12.524,-70.027,83.91,74,20,7.0,few clouds
589,Krasnyy Yar,RU,46.5331,48.3456,78.73,39,13,16.71,few clouds
590,Scarborough,GB,54.2797,-0.4044,70.84,78,35,1.99,scattered clouds
591,Majene,ID,-3.5403,118.9707,78.8,86,6,2.39,clear sky
592,Francisco Beltrao,BR,-26.0811,-53.055,71.11,73,28,3.78,scattered clouds
593,Manokwari,ID,-0.8667,134.0833,78.85,80,79,2.62,broken clouds
594,San Quintin,MX,30.4833,-115.95,60.35,83,68,1.77,broken clouds
595,Honiara,SB,-9.4333,159.95,78.76,88,94,2.68,overcast clouds
596,Salinopolis,BR,-0.6136,-47.3561,84.88,69,25,10.38,scattered clouds
597,Jega,NG,12.2175,4.3792,105.28,21,58,2.93,broken clouds
598,Xique-Xique,BR,-10.8218,-42.7263,85.96,45,7,8.57,clear sky
599,Sosnovo-Ozerskoye,RU,52.5249,111.5418,54.27,55,100,7.09,light rain
600,Cordoba,AR,-31.4135,-64.1811,72.43,46,0,4.0,clear sky
601,Miri,MY,4.4148,114.0089,82.54,89,20,5.35,moderate rain
602,West Bay,KY,19.3667,-81.4167,87.08,76,20,3.0,few clouds
603,Bay City,US,43.5945,-83.8889,66.76,88,40,4.27,mist
604,Zeya,RU,53.75,127.2667,55.44,75,100,4.05,overcast clouds
605,Kahului,US,20.8947,-156.47,77.85,76,60,8.01,broken clouds
606,Tahta,EG,26.7693,31.5021,97.12,9,1,25.79,clear sky
607,Benguela,AO,-12.5763,13.4055,82.24,64,4,9.53,clear sky
608,Nsanje,MW,-16.92,35.262,72.93,76,89,6.78,overcast clouds
609,Rajkot,IN,22.3,70.7833,100.36,34,40,13.8,scattered clouds
610,Krasnoyarskiy,RU,51.965,59.8967,71.83,45,85,17.02,overcast clouds
611,Sur,OM,22.5667,59.5289,95.86,49,0,2.37,clear sky
612,Nuuk,GL,64.1835,-51.7216,35.22,84,100,8.9,overcast clouds
613,Yazman,PK,29.1212,71.7446,86.41,47,77,13.8,broken clouds
614,Edelira,PY,-26.75,-55.2667,72.61,70,3,4.05,light rain
615,Saint Anthony,US,45.0205,-93.218,75.94,46,40,1.01,scattered clouds
616,De Pere,US,44.4489,-88.0604,72.93,56,1,10.36,clear sky
617,Sambava,MG,-14.2667,50.1667,77.74,75,1,11.12,clear sky
618,Puro,PH,12.4841,123.3827,82.78,79,11,6.71,few clouds
619,Gondar,ET,12.6,37.4667,71.85,38,100,11.59,overcast clouds
620,Panjab,AF,34.388,67.0233,67.32,21,0,17.43,clear sky
621,Venado Tuerto,AR,-33.7456,-61.9688,60.89,63,9,14.0,clear sky
622,Torit,SS,4.4133,32.5678,89.24,42,58,4.12,broken clouds
623,Maragogi,BR,-9.0122,-35.2225,80.1,76,23,9.62,few clouds
624,Antalaha,MG,-14.9003,50.2788,77.92,72,5,12.17,clear sky
625,Bitung,ID,1.4451,125.1824,79.65,83,100,7.27,overcast clouds
626,Keratea,GR,37.8073,23.9769,80.44,41,40,7.27,scattered clouds
627,Yurimaguas,PE,-5.9,-76.0833,78.96,89,40,0.0,scattered clouds
628,Almaty,KZ,43.25,76.95,71.51,43,90,4.03,overcast clouds
629,Alexandria,EG,31.2156,29.9553,77.54,53,20,13.8,few clouds
630,Kamsack,CA,51.5667,-101.9009,63.05,73,98,0.18,overcast clouds
631,Urumqi,CN,43.801,87.6005,88.75,16,0,15.95,clear sky
632,Ust-Ishim,RU,57.6935,71.1665,59.68,44,100,7.65,overcast clouds
633,Ileza,RU,61.0533,43.9002,66.69,35,6,9.17,clear sky
634,Lamar,US,33.6668,-95.5836,72.64,91,1,3.78,clear sky
635,Samana,DO,19.2056,-69.3369,80.82,83,40,4.61,scattered clouds
636,Talnakh,RU,69.4865,88.3972,33.96,100,100,2.24,light rain
637,Da Lat,VN,11.9465,108.4419,63.97,95,100,2.3,overcast clouds
638,Makokou,GA,0.5738,12.8642,89.53,45,67,1.1,broken clouds
639,Zhezkazgan,KZ,47.8043,67.7144,81.82,37,11,8.1,few clouds
640,Totolapan,MX,18.5167,-96.1833,80.92,74,75,3.83,broken clouds
641,Cururupu,BR,-1.8283,-44.8683,85.98,65,27,5.59,scattered clouds
642,San Onofre,CO,9.7359,-75.5263,81.45,81,100,4.74,overcast clouds
643,Ostrovnoy,RU,68.0531,39.5131,63.75,50,13,5.1,few clouds
644,Ust-Tsilma,RU,65.441,52.1498,65.61,39,34,11.86,scattered clouds
645,Yermekeyevo,RU,54.0761,53.6712,63.28,72,99,20.22,light rain
646,Yumen,CN,40.2833,97.2,71.24,6,0,11.3,clear sky
647,Alofi,NU,-19.0595,-169.9187,75.09,88,87,13.8,light rain
648,Kalabo,ZM,-14.97,22.6814,79.93,19,88,5.99,overcast clouds
649,San Francisco,US,37.7749,-122.4194,59.04,89,40,1.01,scattered clouds
650,Baillif,GP,16.0202,-61.7463,83.7,70,19,13.71,few clouds
651,Mayo,US,38.8876,-76.5119,74.03,95,90,1.01,overcast clouds
652,Hasaki,JP,35.7333,140.8333,68.4,84,100,17.9,overcast clouds
653,Camana,PE,-16.6228,-72.7111,66.11,76,83,4.23,broken clouds
654,Suoyarvi,RU,62.0833,32.35,72.73,34,8,6.62,clear sky
655,Niles,US,42.0189,-87.8028,73.92,62,0,1.01,clear sky
656,Ampanihy,MG,-24.7,44.75,75.9,61,100,12.64,overcast clouds
657,Qinhuangdao,CN,39.9317,119.5883,65.88,32,0,7.94,light rain
658,Paharpur,PK,32.1038,70.9724,102.67,19,0,8.95,clear sky
659,Te Anau,NZ,-45.4167,167.7167,47.28,89,100,3.06,overcast clouds
660,Cap-Aux-Meules,CA,47.3821,-61.8597,48.74,91,100,14.32,overcast clouds
661,Puerto Escondido,MX,15.85,-97.0667,82.83,73,79,3.53,broken clouds
662,Ponta Delgada,PT,37.7333,-25.6667,65.12,63,40,11.5,scattered clouds
663,Otane,NZ,-39.8833,176.6333,41.65,91,0,2.39,clear sky
664,Poum,NC,-20.2333,164.0167,73.18,70,65,12.62,broken clouds
665,Grand Gaube,MU,-20.0064,57.6608,77.4,69,3,7.0,clear sky
666,Stromness,GB,58.965,-3.296,57.16,81,59,22.7,broken clouds
667,Mount Isa,AU,-20.7333,139.5,62.37,55,75,9.22,broken clouds
668,Weihai,CN,37.5017,122.1136,60.94,75,100,11.07,overcast clouds
669,Menzelinsk,RU,55.7271,53.1026,69.04,57,35,22.24,scattered clouds
670,Bunia,CD,1.5667,30.25,73.56,69,100,7.02,light rain
671,Helsinki,FI,60.1695,24.9355,70.77,33,0,9.78,clear sky
672,Port Shepstone,ZA,-30.7414,30.455,61.79,73,100,27.31,light rain
673,Kenora,CA,49.8167,-94.4337,66.18,72,75,3.44,broken clouds
674,Langenburg,DE,49.2544,9.8458,79.5,44,0,4.34,clear sky
675,Angatuba,BR,-23.4897,-48.4128,75.88,54,0,2.15,clear sky
676,Kiama,AU,-34.6833,150.8667,56.37,95,100,3.0,overcast clouds
677,Sistranda,NO,63.7256,8.834,73.36,74,0,11.7,clear sky
678,Kattivakkam,IN,13.2167,80.3167,87.08,86,100,14.58,overcast clouds
679,Zhob,PK,31.3411,69.4481,89.19,21,1,5.14,clear sky
680,Moyale,KE,3.5167,39.0584,79.9,42,100,10.78,overcast clouds
681,Devonport,AU,-41.1667,146.35,53.1,84,95,9.33,overcast clouds
682,Denpasar,ID,-8.65,115.2167,82.06,89,20,6.35,few clouds
683,Prince Albert,CA,53.2001,-105.7677,62.55,72,75,3.44,broken clouds
684,Alice Springs,AU,-23.7,133.8833,56.75,62,75,9.19,broken clouds
685,Hualmay,PE,-11.0964,-77.6139,66.13,77,94,4.9,overcast clouds
686,Kilindoni,TZ,-7.9139,39.6668,79.21,70,95,9.28,overcast clouds
687,Daru,PG,-9.0763,143.2092,77.95,86,100,12.97,overcast clouds
688,Togur,RU,58.3631,82.8265,55.67,60,100,3.47,overcast clouds
689,Itarema,BR,-2.9248,-39.9167,85.8,57,1,13.94,clear sky
690,Half Moon Bay,US,37.4636,-122.4286,58.21,92,90,1.01,mist
691,San Lorenzo,PY,-25.3333,-57.5333,77.94,73,40,8.75,scattered clouds
692,Antofagasta,CL,-23.65,-70.4,58.28,72,44,4.25,scattered clouds
693,Paysandu,UY,-32.3214,-58.0756,58.6,68,100,8.01,overcast clouds
